title,content
Bienvenue,Bienvenue à tous ! Nous sommes ravis de vous accueillir pour cet événement exceptionnel.
Remerciements sponsors,"Un grand merci à nos sponsors :
• Entreprise A
• Entreprise B
• Entreprise C

Sans eux cet événement n'aurait pas été possible."
Anecdote 1,Saviez-vous que la première édition de cet événement a eu lieu en 2005 avec seulement 12 participants ? Aujourd'hui nous sommes plus de 500 !
Citation inspirante,"Le succès n'est pas final, l'échec n'est pas fatal. C'est le courage de continuer qui compte. - Winston Churchill"
Blague du jour,Pourquoi les plongeurs plongent-ils toujours en arrière et jamais en avant ? Parce que sinon ils tomberaient dans le bateau !
Chiffre clé,"Cette année nous avons battu notre record avec 847 inscriptions, soit une augmentation de 23% par rapport à l'année dernière."
Info pratique,Le buffet sera servi à 12h30 dans la salle principale. Les régimes spéciaux sont disponibles sur demande à l'accueil.
Rappel sécurité,"En cas d'évacuation, les sorties de secours sont situées à l'arrière de la salle. Point de rassemblement : parking principal."
